"#","FirstName","Surname","Email","Address"
"86","BSSDevTeam","ss","cxquocdat.it.93@gmail.com","SS 2 Petaling Jaya Selangor Malaysia"
"79","duong 123","duong","duong.pham@beesightsoft.com","12345678"
"78","dd","","hhd@gmail.com","bsnn"
"77","smith","","abc.123@gmail.com","216/1 Quang Trung, Phường 11, Gò Vấp, Ho Chi Minh, Vietnam"
"76","12","","khanh@mail.com","Pennsylvania, United States"
"75","234);:)7","hdhdjd d djdjdh. : đ d d d d d d d. d d d rh₫;₫:₫4 d d bhbhghgggfcccc","tester444444555565@gmail.com",""
"74","t1","","tester000111222@gmail.com","Perth, Western Australia, Australia"
"73","test","","tesst@ymail.com","Wonderland, Conderland DrVaughan, Ontario, Ca-na-đa"
"72","duong2","","duong2@gmail.com","Perth, Western Australia, Australia"
"71","long","pham","longph14@gmail.com","Vietnam"
"70","Long","Pham","longph13@gmail.com","Vietnam"
"69","duong1","","duong1d@gmail.com","34 Hoàng Việt, Tân Bình, Ho Chi Minh, Vietnam"
"68","Long","Pham","longph12@gmail.com","Vietnam"
"67","Long","","long11@gmail.com","Vietnam"
"66","Pham","Long","longph10@gmail.com","Vietnam"
"65","Long","Pham","longph9@gmail.com","Viet Nam"
"64","Long","Pham","longph8@gmail.com","Viet Name"
"63","Pham","Hoang Long","longph7@gmail.com","Viet Nam"
"62","Pham","Hoang Long","longph6@gmail.com","Viet Nam"
"61","Pham","Hoang Long","longph5@gmail.com","Vietnam"
"60","lamlh10","","lamlh10@gmail.com","Pisa, Province of Pisa, Italy"
"59","Pham","Hoang Long","longph4@gmail.com","Viet Nam"
"58","Khanh","Phan","khanh.phan@beesightsoft.com","213 Beacon Street, Boston, MA, United States"
"57","lam","","lamlh8@mail.com","54 Hoang Viet"
"54","test","","qa@mail.com","532a Hậu Giang, Hồ Chí Minh, Việt Nam"
"51","BSSDevTeam","","bsss.team.dev@gmail.com","34 hoang viet"
"50","BSSDevTeam","","bss4.team.dev@gmail.com","34 hoang viet"
"49","BSSDevTeam","","bss3.team.dev@gmail.com","34 hoang viet"
"48","BSSDevTeam","","bss2.team.dev@gmail.com","34 hoang viet"
"47","BSSDevTeam","","bss1.team.dev@gmail.com","34 hoang viet"
"46","Anh","Tu Tran","anhtu@mail.com","Haugiani Glass, Øvre Eiker, Na Uy"
"45","Nguyễn","Thanh Xuân","xuan.nguyen@mail.com","34 hoang viet"
"38","BSSDevTeam","","sx.teamda.dev@gmail.com","34 hoang viet"
"37","BSSDevTeam","","s.teamda.dev@gmail.com","34 hoang viet"
"36","BSSDevTeam","","ss.teamda.dev@gmail.com","34 hoang viet"
"35","BSSDevTeam","","ssc.teamda.dev@gmail.com","34 hoang viet"
"34","BSSDevTeam","","ssc.teamda.dedv@gmail.com","34 hoang viet"
"33","BSSDevTeam","","bssc.teamda.dedv@gmail.com","34 hoang viet"
"32","BSSDevTeam","","bssc.teamd.dedv@gmail.com","34 hoang viet"
"31","BSSDevTeam","","bss.teamd.dedv@gmail.com","34 hoang viet"
"30","BSSDevTeam","","bss.teamd.dev@gmail.com","34 hoang viet"
"26","","","longph3@gmail.com","51 Hoàng Việt, Ho Chi Minh City, Vietnam"
"25","","","bdev@gmail.com","34 hoang viet"
"23","","","bss.xuan@gmail.com","34 hoang viet"
"21","111","111","ad@gmail.com",""
"20","","","xuan@gmail.com","34 hoang viet"
"19","Nguyễn","Thanh xuân bss","ngthanhxuan312@gmail.com","54 Hoang Viet"
"18","","","lamlh8@gmail.com","25 Cách mạng Tháng Tám, Ho Chi Minh City, Ho Chi Minh, Vietnam"
"17","","","lamlh7@gmail.com","34 hoang viet"
"16","","","51 Hoàng Việt, Ho Chi Minh City, Ho Chi Minh, Vietnam","51 Hoàng Việt, Ho Chi Minh City, Ho Chi Minh, Vietnam"
"15","","","longph1@gmail.com","34 Hoang Viet"
"14","","","longph@gmail.com","34 hoang viet"
"12","","","test@mail.com","54 Hoang Viet"
"11","","","lamlh3@gmail.com","51 Hosni Viêt"
"10","","","lamlh2@gmail.com","51 Hosni Viêt"
"9","","","lamlh@gmail.com","34 hoang viet"
"8","","","huulam1@gmail.com","51 Hosni Viêt"
"7","huu.bss","Nguyen","huu@gmail.com","51 Hosni Viêt"
"5","","","bss.team.dev11@gmail.com","34 hoang viet"
"4","","","dangquocdat.ht@gmail.com","54 Hoang Viet"
"3","Quốc Đạt","Trần","ronglua2904@gmail.com","34 hoang viet"
"2","","","bss.team.dev@gmail.com","54 Hoang Viet"
